{
    "code": 0,
    "msg": "货源账户",
    "Data": [
        {
            "id": "1",
            "companyNum": "1",
            "email": "test@qq.com",
            "companyName": "卡哥",
            "officeAddress": "海宁路2101",
            "fixPhone": "0516-8888",
            "sendPhone": "0516-6666",
            "connectName": "李宁",
            "connnectPhone": "18088886666",
            "statu": "已激活",
            "bankStatu": "正常",
            "creatTime": "2016.7.21"
        },
        {
            "id": "2",
            "companyNum": "2",
            "email": "test@qq.com",
            "companyName": "卡哥",
            "officeAddress": "海宁路2101",
            "fixPhone": "0516-8888",
            "sendPhone": "0516-6666",
            "connectName": "李宁",
            "connnectPhone": "18088886666",
            "statu": "已激活",
            "bankStatu": "正常",
            "creatTime": "2016.7.21"
        },
        {
            "id": "3",
            "companyNum": "3",
            "email": "test@qq.com",
            "companyName": "卡哥",
            "officeAddress": "海宁路2101",
            "fixPhone": "0516-8888",
            "sendPhone": "0516-6666",
            "connectName": "李宁",
            "connnectPhone": "18088886666",
            "statu": "已激活",
            "bankStatu": "正常",
            "creatTime": "2016.7.21"
        },
        {
            "id": "4",
            "companyNum": "4",
            "email": "test@qq.com",
            "companyName": "卡哥",
            "officeAddress": "海宁路2101",
            "fixPhone": "0516-8888",
            "sendPhone": "0516-6666",
            "connectName": "李宁",
            "connnectPhone": "18088886666",
            "statu": "已激活",
            "bankStatu": "正常",
            "creatTime": "2016.7.21"
        },
        {
            "id": "5",
            "companyNum": "5",
            "email": "test@qq.com",
            "companyName": "卡哥",
            "officeAddress": "海宁路2101",
            "fixPhone": "0516-8888",
            "sendPhone": "0516-6666",
            "connectName": "李宁",
            "connnectPhone": "18088886666",
            "statu": "已激活",
            "bankStatu": "正常",
            "creatTime": "2016.7.21"
        },
        {
            "id": "6",
            "companyNum": "6",
            "email": "test@qq.com",
            "companyName": "卡哥",
            "officeAddress": "海宁路2101",
            "fixPhone": "0516-8888",
            "sendPhone": "0516-6666",
            "connectName": "李宁",
            "connnectPhone": "18088886666",
            "statu": "已激活",
            "bankStatu": "正常",
            "creatTime": "2016.7.21"
        },
        {
            "id": "7",
            "companyNum": "7",
            "email": "test@qq.com",
            "companyName": "卡哥",
            "officeAddress": "海宁路2101",
            "fixPhone": "0516-8888",
            "sendPhone": "0516-6666",
            "connectName": "李宁",
            "connnectPhone": "18088886666",
            "statu": "已激活",
            "bankStatu": "正常",
            "creatTime": "2016.7.21"
        },
        {
            "id": "8",
            "companyNum": "8",
            "email": "test@qq.com",
            "companyName": "卡哥",
            "officeAddress": "海宁路2101",
            "fixPhone": "0516-8888",
            "sendPhone": "0516-6666",
            "connectName": "李宁",
            "connnectPhone": "18088886666",
            "statu": "已激活",
            "bankStatu": "正常",
            "creatTime": "2016.7.21"
        },
        {
            "id": "9",
            "companyNum": "9",
            "email": "test@qq.com",
            "companyName": "卡哥",
            "officeAddress": "海宁路2101",
            "fixPhone": "0516-8888",
            "sendPhone": "0516-6666",
            "connectName": "李宁",
            "connnectPhone": "18088886666",
            "statu": "已激活",
            "bankStatu": "正常",
            "creatTime": "2016.7.21"
        },
        {
            "id": "10",
            "companyNum": "10",
            "email": "test@qq.com",
            "companyName": "卡哥",
            "officeAddress": "海宁路2101",
            "fixPhone": "0516-8888",
            "sendPhone": "0516-6666",
            "connectName": "李宁",
            "connnectPhone": "18088886666",
            "statu": "已激活",
            "bankStatu": "正常",
            "creatTime": "2016.7.21"
        },
        {
            "id": "11",
            "companyNum": "11",
            "email": "test@qq.com",
            "companyName": "卡哥",
            "officeAddress": "海宁路2101",
            "fixPhone": "0516-8888",
            "sendPhone": "0516-6666",
            "connectName": "李宁",
            "connnectPhone": "18088886666",
            "statu": "已激活",
            "bankStatu": "正常",
            "creatTime": "2016.7.21"
        },
        {
            "id": "12",
            "companyNum": "12",
            "email": "test@qq.com",
            "companyName": "卡哥",
            "officeAddress": "海宁路2101",
            "fixPhone": "0516-8888",
            "sendPhone": "0516-6666",
            "connectName": "李宁",
            "connnectPhone": "18088886666",
            "statu": "已激活",
            "bankStatu": "正常",
            "creatTime": "2016.7.21"
        },
        {
            "id": "13",
            "companyNum": "13",
            "email": "test@qq.com",
            "companyName": "卡哥",
            "officeAddress": "海宁路2101",
            "fixPhone": "0516-8888",
            "sendPhone": "0516-6666",
            "connectName": "李宁",
            "connnectPhone": "18088886666",
            "statu": "已激活",
            "bankStatu": "正常",
            "creatTime": "2016.7.21"
        },
        {
            "id": "14",
            "companyNum": "14",
            "email": "test@qq.com",
            "companyName": "卡哥",
            "officeAddress": "海宁路2101",
            "fixPhone": "0516-8888",
            "sendPhone": "0516-6666",
            "connectName": "李宁",
            "connnectPhone": "18088886666",
            "statu": "已激活",
            "bankStatu": "正常",
            "creatTime": "2016.7.21"
        },
        {
            "id": "15",
            "companyNum": "15",
            "email": "test@qq.com",
            "companyName": "卡哥",
            "officeAddress": "海宁路2101",
            "fixPhone": "0516-8888",
            "sendPhone": "0516-6666",
            "connectName": "李宁",
            "connnectPhone": "18088886666",
            "statu": "已激活",
            "bankStatu": "正常",
            "creatTime": "2016.7.21"
        },
        {
            "id": "16",
            "companyNum": "16",
            "email": "test@qq.com",
            "companyName": "卡哥",
            "officeAddress": "海宁路2101",
            "fixPhone": "0516-8888",
            "sendPhone": "0516-6666",
            "connectName": "李宁",
            "connnectPhone": "18088886666",
            "statu": "已激活",
            "bankStatu": "正常",
            "creatTime": "2016.7.21"
        },
        {
            "id": "17",
            "companyNum": "17",
            "email": "test@qq.com",
            "companyName": "卡哥",
            "officeAddress": "海宁路2101",
            "fixPhone": "0516-8888",
            "sendPhone": "0516-6666",
            "connectName": "李宁",
            "connnectPhone": "18088886666",
            "statu": "已激活",
            "bankStatu": "正常",
            "creatTime": "2016.7.21"
        },
        {
            "id": "18",
            "companyNum": "18",
            "email": "test@qq.com",
            "companyName": "卡哥",
            "officeAddress": "海宁路2101",
            "fixPhone": "0516-8888",
            "sendPhone": "0516-6666",
            "connectName": "李宁",
            "connnectPhone": "18088886666",
            "statu": "已激活",
            "bankStatu": "正常",
            "creatTime": "2016.7.21"
        },
        {
            "id": "19",
            "companyNum": "19",
            "email": "test@qq.com",
            "companyName": "卡哥",
            "officeAddress": "海宁路2101",
            "fixPhone": "0516-8888",
            "sendPhone": "0516-6666",
            "connectName": "李宁",
            "connnectPhone": "18088886666",
            "statu": "已激活",
            "bankStatu": "正常",
            "creatTime": "2016.7.21"
        },
        {
            "id": "20",
            "companyNum": "20",
            "email": "test@qq.com",
            "companyName": "卡哥",
            "officeAddress": "海宁路2101",
            "fixPhone": "0516-8888",
            "sendPhone": "0516-6666",
            "connectName": "李宁",
            "connnectPhone": "18088886666",
            "statu": "已激活",
            "bankStatu": "正常",
            "creatTime": "2016.7.21"
        },
        {
            "id": "21",
            "companyNum": "21",
            "email": "test@qq.com",
            "companyName": "卡哥",
            "officeAddress": "海宁路2101",
            "fixPhone": "0516-8888",
            "sendPhone": "0516-6666",
            "connectName": "李宁",
            "connnectPhone": "18088886666",
            "statu": "已激活",
            "bankStatu": "正常",
            "creatTime": "2016.7.21"
        },
        {
            "id": "22",
            "companyNum": "22",
            "email": "test@qq.com",
            "companyName": "卡哥",
            "officeAddress": "海宁路2101",
            "fixPhone": "0516-8888",
            "sendPhone": "0516-6666",
            "connectName": "李宁",
            "connnectPhone": "18088886666",
            "statu": "已激活",
            "bankStatu": "正常",
            "creatTime": "2016.7.21"
        },
        {
            "id": "23",
            "companyNum": "23",
            "email": "test@qq.com",
            "companyName": "卡哥",
            "officeAddress": "海宁路2101",
            "fixPhone": "0516-8888",
            "sendPhone": "0516-6666",
            "connectName": "李宁",
            "connnectPhone": "18088886666",
            "statu": "已激活",
            "bankStatu": "正常",
            "creatTime": "2016.7.21"
        },
        {
            "id": "24",
            "companyNum": "24",
            "email": "test@qq.com",
            "companyName": "卡哥",
            "officeAddress": "海宁路2101",
            "fixPhone": "0516-8888",
            "sendPhone": "0516-6666",
            "connectName": "李宁",
            "connnectPhone": "18088886666",
            "statu": "已激活",
            "bankStatu": "正常",
            "creatTime": "2016.7.21"
        },
        {
            "id": "25",
            "companyNum": "25",
            "email": "test@qq.com",
            "companyName": "卡哥",
            "officeAddress": "海宁路2101",
            "fixPhone": "0516-8888",
            "sendPhone": "0516-6666",
            "connectName": "李宁",
            "connnectPhone": "18088886666",
            "statu": "已激活",
            "bankStatu": "正常",
            "creatTime": "2016.7.21"
        },
        {
            "id": "26",
            "companyNum": "26",
            "email": "test@qq.com",
            "companyName": "卡哥",
            "officeAddress": "海宁路2101",
            "fixPhone": "0516-8888",
            "sendPhone": "0516-6666",
            "connectName": "李宁",
            "connnectPhone": "18088886666",
            "statu": "已激活",
            "bankStatu": "正常",
            "creatTime": "2016.7.21"
        },
        {
            "id": "27",
            "companyNum": "27",
            "email": "test@qq.com",
            "companyName": "卡哥",
            "officeAddress": "海宁路2101",
            "fixPhone": "0516-8888",
            "sendPhone": "0516-6666",
            "connectName": "李宁",
            "connnectPhone": "18088886666",
            "statu": "已激活",
            "bankStatu": "正常",
            "creatTime": "2016.7.21"
        },
        {
            "id": "28",
            "companyNum": "28",
            "email": "test@qq.com",
            "companyName": "卡哥",
            "officeAddress": "海宁路2101",
            "fixPhone": "0516-8888",
            "sendPhone": "0516-6666",
            "connectName": "李宁",
            "connnectPhone": "18088886666",
            "statu": "已激活",
            "bankStatu": "正常",
            "creatTime": "2016.7.21"
        },
        {
            "id": "29",
            "companyNum": "29",
            "email": "test@qq.com",
            "companyName": "卡哥",
            "officeAddress": "海宁路2101",
            "fixPhone": "0516-8888",
            "sendPhone": "0516-6666",
            "connectName": "李宁",
            "connnectPhone": "18088886666",
            "statu": "已激活",
            "bankStatu": "正常",
            "creatTime": "2016.7.21"
        },
        {
            "id": "30",
            "companyNum": "30",
            "email": "test@qq.com",
            "companyName": "卡哥",
            "officeAddress": "海宁路2101",
            "fixPhone": "0516-8888",
            "sendPhone": "0516-6666",
            "connectName": "李宁",
            "connnectPhone": "18088886666",
            "statu": "已激活",
            "bankStatu": "正常",
            "creatTime": "2016.7.21"
        },
        {
            "id": "31",
            "companyNum": "31",
            "email": "test@qq.com",
            "companyName": "卡哥",
            "officeAddress": "海宁路2101",
            "fixPhone": "0516-8888",
            "sendPhone": "0516-6666",
            "connectName": "李宁",
            "connnectPhone": "18088886666",
            "statu": "已激活",
            "bankStatu": "正常",
            "creatTime": "2016.7.21"
        },
        {
            "id": "32",
            "companyNum": "32",
            "email": "test@qq.com",
            "companyName": "卡哥",
            "officeAddress": "海宁路2101",
            "fixPhone": "0516-8888",
            "sendPhone": "0516-6666",
            "connectName": "李宁",
            "connnectPhone": "18088886666",
            "statu": "已激活",
            "bankStatu": "正常",
            "creatTime": "2016.7.21"
        },
        {
            "id": "33",
            "companyNum": "33",
            "email": "test@qq.com",
            "companyName": "卡哥",
            "officeAddress": "海宁路2101",
            "fixPhone": "0516-8888",
            "sendPhone": "0516-6666",
            "connectName": "李宁",
            "connnectPhone": "18088886666",
            "statu": "已激活",
            "bankStatu": "正常",
            "creatTime": "2016.7.21"
        }
    ]
}